"baseMean","log2FoldChange","lfcSE","pvalue","padj","gene_id","gene_name","note","chr","start","end","strand"
34.0023027349041,2.43032749285678,0.749228847249881,3.91028478238276e-05,0.00638700870825649,"NbT2T01g00240","NbAT2G42560","late embryosis abundant domain-containing protein / LEA domain-containing protein","Chr01",13306369,13308851,"-"
776.346839992229,1.34562965727042,0.305080225425335,4.65769132774191e-07,0.000130119834692531,"NbT2T01g00911","NbT2T01g00911","C-lobe%2C N-lobe%2C Pkinase%2C PKD1 domain-containing protein","Chr01",49157438,49160794,"-"
762.357690344304,-3.45296337134116,0.59456271466418,2.54662210077192e-10,1.21363021244787e-07,"NbT2T01g01694","NbAT3G56360","uncharacterized protein","Chr01",93251241,93251837,"-"
194.495824636097,2.93596785162655,1.05640925128964,0.000145401480285926,0.0190612400110754,"NbT2T01g01711","NbT2T01g01711","AP2%2C DNA-binding domain superfamily domain-containing protein","Chr01",93831533,93832621,"+"
379.507151102034,-1.20250711441193,0.378558942154814,5.68517497450812e-05,0.00860996060754749,"NbT2T01g01973","NbT2T01g01973","Hemerythrin%2C Hr-like%2C RING-type%2C ZF_CHY%2C ZF_CTCHY%2C zinc_ribbon_6 domain-containing protein","Chr01",108238885,108249994,"-"
501.33464286777,4.45410212340196,1.45709053901635,5.18920020909269e-05,0.00797197321683952,"NbT2T01g02059","NbRGF6-1","root meristem growth factor","Chr01",111353774,111355358,"+"
58.146757032421,5.45563499953341,1.45447366496654,5.5631288872323e-06,0.00124503439206633,"NbT2T01g02188","NbT2T01g02188","type 3 domain-containing protein","Chr01",117704744,117705955,"+"
23.8871010232215,1.34866255481364,0.411979414420223,4.32716474384942e-05,0.00687391331152362,"NbT2T01g02252","NbAT2G07695","Cytochrome C oxidase subunit II-like%2C transmembrane domain-containing protein","Chr01",120129249,120131389,"+"
9417.61708343075,2.44043418291056,0.160198161290821,1.22977744831113e-53,1.24539562190468e-49,"NbT2T01g02279","NbT2T01g02279","Photosystem II reaction cen...%2C TM%2C eukaryotic/bacterial%2C Di-haem cytochrome%2C transme...%2C eukaryotic/bacterial%2C Single_helix%2C plastocyanin oxidoreductase domain-containing protein","Chr01",121923345,121926557,"-"
14926.8520115365,2.76209912100427,0.286854893544181,3.85071468792788e-23,6.78194567732967e-20,"NbT2T01g02280","NbT2T01g02280","Photosystem antenna protein...%2C TM domain-containing protein","Chr01",121926559,121928799,"-"
18.4634519757085,1.83571577527264,0.565984798921562,4.42631281037995e-05,0.00700394841104965,"NbT2T01g02335","NbT2T01g02335","Uncharacterized protein","Chr01",124063629,124064561,"-"
338.859668308572,-3.07959164328354,0.318932905434451,2.2048048569509e-23,4.05964705206215e-20,"NbT2T01g02661","NbT2T01g02661","ATP-binding domain%2C TM%2C six-transmembrane helical domain 1%2C six-transmembrane helical domain 2 domain-containing protein","Chr01",140864491,140870311,"+"
154.902109827906,1.29013053684696,0.271771889247706,9.58046746156775e-08,3.08004425343799e-05,"NbT2T01g02713","NbT2T01g02713","TM domain-containing protein","Chr01",144503263,144503846,"+"
417.508689861538,1.39765338335397,0.264395440530888,5.85859579803678e-09,2.37319998586874e-06,"NbT2T01g02714","NbATCG00530","Uncharacterized protein","Chr01",144503848,144504771,"+"
534.562241056716,1.56515328995504,0.231572534236796,6.86073974855499e-13,4.63191409557443e-10,"NbT2T01g02715","NbATCG00540","Uncharacterized protein","Chr01",144504773,144505885,"+"
63.3158922510494,1.16001417249441,0.436676560470242,0.000274025655814936,0.0318058202457061,"NbT2T01g02716","NbATCG00430","Uncharacterized protein","Chr01",144505864,144506123,"-"
9972.40489666755,1.22559920562621,0.303718179379078,3.25643116600749e-06,0.000766927405073439,"NbT2T01g02718","NbT2T01g02718","AAA%2C ATP-synt_DE%2C ATP-synt_DE_N%2C ATP-synt_VA_C%2C ATP-synt_ab_N domain-containing protein","Chr01",144508762,144510543,"-"
3433.17700279762,3.0079052725408,0.435588225915792,2.60790008000695e-13,1.79052231255799e-10,"NbT2T01g02719","NbT2T01g02719","RuBisCO_large_N domain-containing protein","Chr01",144511470,144511819,"+"
35.0261810862563,-1.200779256092,0.42199204841738,0.000169016282509272,0.0213953486621425,"NbT2T01g03126","NbT2T01g03126","PMD domain-containing protein","Chr01",168481522,168484324,"+"
33.5367544484083,1.43809845364652,0.537133834700548,0.000237704259553914,0.0281773272866922,"NbT2T01g03179","NbAT3G54000","TIP41-like protein","Chr01",171393650,171395480,"+"
3024.43551702054,1.49914385722127,0.335651146067243,3.79687120253777e-07,0.000110650114152806,"NbT2T01g03274","NbAT1G49500","transcription initiation factor TFIID subunit 1b-like protein","Chr01",176068713,176069147,"-"
120.34118343498,-1.13067358620595,0.37716698445589,0.000103834723748594,0.0142580914901967,"NbT2T02g00376","NbAT4G34270","TIP41-like family protein","Chr02",16893634,16895627,"-"
429.908793362613,1.47023824978458,0.603807352769243,0.000446054542592571,0.0473004644275913,"NbT2T02g01042","NbT2T02g01042","Uncharacterized protein","Chr02",53383215,53384111,"-"
807.946739992335,1.8500575074284,0.67047580474326,0.000180848612658537,0.0226105419801605,"NbT2T02g01360","NbT2T02g01360","BURP%2C SP domain-containing protein","Chr02",72621442,72624560,"+"
6314.53339862071,1.21379621411231,0.4176298096999,0.000155524341549761,0.0201277317172452,"NbT2T02g02096","NbUBQ10","polyubiquitin 10","Chr02",106452831,106454204,"-"
96.7439003863636,1.44134309678486,0.551271857737286,0.000286478114584545,0.0328743780894923,"NbT2T02g02674","NbAT4G38060","uncharacterized protein","Chr02",134613490,134613951,"-"
138.648493998844,2.72337505106541,0.489377941795718,1.18842029262076e-09,5.53339416246918e-07,"NbT2T03g00226","NbT2T03g00226","Photosystem I PsaA/PsaB sup...%2C TM domain-containing protein","Chr03",6298510,6299421,"+"
17.5282048307383,1.79937912124741,0.648457178900503,0.000173246929574815,0.0217946789540888,"NbT2T03g00540","NbT2T03g00540","Peptidase_S9%2C Peptidase_S9_N domain-containing protein","Chr03",16848068,16855150,"+"
25.0997383167123,1.85426380400783,0.288327809690006,6.9473909272138e-12,4.20037181611309e-09,"NbT2T03g01029","NbT2T03g01029","ATP synthase%2C F0 complex%2C s...%2C Small ribosomal subunit pro...%2C TM domain-containing protein","Chr03",36699175,36700857,"-"
94.3887923970301,2.0406204290004,0.40429195899512,1.96366094163959e-08,7.5041488135789e-06,"NbT2T03g01030","NbT2T03g01030","DNA-directed RNA polymerase...%2C G3DSA:1.10.1790.20%2C G3DSA:2.40.40.20%2C RNA polymerase Rpb1%2C domain...%2C RNA polymerase Rpb1%2C funnel...%2C RNA polymerase Rpb2%2C OB-fold%2C RNA polymerase alpha subuni...%2C RNA_pol_Rpb2_2%2C RNA_pol_Rpb2_3%2C RNA_pol_Rpb2_6%2C RNA_pol_Rpb2_7%2C domain 5 domain-containing protein","Chr03",36701385,36711270,"-"
301.325237287458,1.55046786015885,0.325996446682834,8.70759086817604e-08,2.84457331361351e-05,"NbT2T03g01031","NbT2T03g01031","Photosystem II protein D1/D...%2C Photosystem antenna protein...%2C Photosystem II CP43 reactio...%2C TM domain-containing protein","Chr03",36718271,36720693,"+"
1029.02694589602,2.09495324259712,0.432303299716099,5.64594755657152e-08,1.93818681035254e-05,"NbT2T03g01032","NbT2T03g01032","G3DSA:1.10.287.1480%2C Photosystem I PsaA/PsaB sup...%2C TM domain-containing protein","Chr03",36722444,36729885,"-"
12.4264746940067,1.40039568535756,0.406876944118012,2.49520718151902e-05,0.00437557803069144,"NbT2T03g01033","NbATCG00380","Uncharacterized protein","Chr03",36731296,36731558,"-"
893.711161909292,1.95265279192037,0.256718733678341,1.38852648642199e-15,1.22274849808656e-12,"NbT2T03g01038","NbT2T03g01038","Photosystem antenna protein...%2C TM domain-containing protein","Chr03",36746686,36748538,"+"
664.421465014701,2.65899500888441,0.165340123685275,1.6367360237207e-59,3.31504514244391e-55,"NbT2T03g01039","NbT2T03g01039","N-terminal domain%2C Di-haem cytochrome%2C transme...%2C TM%2C eukaryotic/bacterial%2C Single_helix%2C plastocyanin oxidoreductase domain-containing protein","Chr03",36748687,36752432,"+"
579.462021899167,1.02646946384496,0.367059370522954,0.00020454166796788,0.0249195680281281,"NbT2T03g01040","NbT2T03g01040","Large ribosomal subunit pro...%2C RNA_pol_A_bac%2C Ribosomal_L16_L10e%2C S1_IF1_TYPE%2C Small ribosomal subunit pro... domain-containing protein","Chr03",36751564,36755740,"-"
55.4115812182959,1.23713196664401,0.302642595675546,1.92179462168642e-06,0.000468964195995625,"NbT2T03g01043","NbT2T03g01043","Proton_antipo_M%2C Ribosomal_S7%2C TM domain-containing protein","Chr03",36767625,36771847,"-"
130.091308772673,1.97974846640691,0.545657086049862,1.06044000187499e-05,0.00219164814265061,"NbT2T03g01810","NbAT1G56090","Tetratricopeptide repeat (TPR)-like superfamily protein","Chr03",80786521,80788745,"+"
810.281006494375,2.38180097198036,1.00170133760731,0.000433222290665734,0.0460602849088913,"NbT2T03g02238","NbT2T03g02238","EFh domain-containing protein","Chr03",100164599,100165189,"-"
188.502010269506,2.92030779337108,1.23086908335376,0.000391387327671531,0.0425048736442852,"NbT2T03g02540","NbT2T03g02540","Uncharacterized protein","Chr03",113144880,113145116,"-"
64.0421437939062,3.14083745444022,0.958758960490967,3.05581123627289e-05,0.00512860495741507,"NbT2T03g02584","NbT2T03g02584","Uncharacterized protein","Chr03",115871620,115872060,"+"
74.755999081165,1.71455087252051,0.6430456647834,0.000240803429823276,0.0284386744468841,"NbT2T03g02616","NbT2T03g02616","Photosystem II protein D1/D...%2C TM domain-containing protein","Chr03",117945838,117946484,"-"
77.2055662002329,1.89748861147285,0.257621297810254,8.9116307102949e-15,7.21984673625251e-12,"NbT2T03g03630","NbT2T03g03630","ATP-synt_ab_C%2C nucleotide-binding domain domain-containing protein","Chr03",177525210,177527540,"+"
142.521512756747,2.57478615022078,0.598212912161592,6.69483358973437e-07,0.000174964076808361,"NbT2T04g00269","NbF21O3.6-1","sulfate/thiosulfate import ATP-binding protein%2C putative (DUF506)","Chr04",13573034,13573921,"-"
490.513997910199,1.04901364484224,0.352896395263661,0.000118313173744822,0.0160999029744963,"NbT2T04g00428","NbT2T04g00428","CTPS_N%2C GATase1_CTP_Synthase domain-containing protein","Chr04",21150787,21156974,"-"
58.1281129747901,-1.48368481004725,0.526061208843489,0.000160149466757041,0.0205947130139499,"NbT2T04g00826","NbT2T04g00826","Aquaporin-like%2C TM domain-containing protein","Chr04",35730307,35731762,"+"
30.7731625102152,3.0719056920883,1.04961620833627,9.88008661197218e-05,0.0137533521813666,"NbT2T04g00978","NbT2T04g00978","C-lobe%2C N-lobe%2C Pkinase%2C Kinase_sf domain-containing protein","Chr04",45558751,45559752,"+"
318.454265062741,2.51630700997106,0.422131145567207,1.13008887847919e-10,5.65156052955989e-08,"NbT2T04g01165","NbT2T04g01165","Photosystem II protein D1/D...%2C Photosystem antenna protein...%2C TM domain-containing protein","Chr04",59148600,59149483,"-"
20.7747211211804,-1.20752272569675,0.452769025372303,0.000280011208136438,0.0324076971976881,"NbT2T04g01290","NbT2T04g01290","PMEI%2C Pectinesterase%2C Pectin lyase fold/virulence...%2C SP domain-containing protein","Chr04",67766414,67768763,"-"
15.8030024924022,2.1589013789408,0.779737615161848,0.00016146612697532,0.020698322378216,"NbT2T04g01745","NbT2T04g01745","Uncharacterized protein","Chr04",95461525,95462040,"-"
191.712922652286,1.97731234619532,0.364675408155916,2.64426962993161e-09,1.16428341488336e-06,"NbT2T04g02235","NbT2T04g02235","ATP-synt_ab_C%2C ATP-synt_ab_N%2C ATPase%2C F1/V1/A1 complex%2C a...%2C alpha subunit nucleotide-binding domain domain-containing protein","Chr04",118434998,118436948,"+"
13.0670193419296,2.3835683443618,0.607526215630237,4.08502214512622e-06,0.000951011937096395,"NbT2T04g02258","NbT2T04g02258","Photosystem I PsaA/PsaB sup...%2C TM domain-containing protein","Chr04",124189403,124189844,"-"
15.5093559344392,1.60116203729588,0.606726515241444,0.000263996086230978,0.0309969665537521,"NbT2T04g02678","NbVND7-1","vascular related NAC-domain protein 7","Chr04",151159897,151162766,"-"
275.685806595471,3.9128942211746,1.0629603780771,7.20396093146971e-06,0.00160339587588997,"NbT2T04g02682","NbCDPK2-1","calcium-dependent protein kinase 2","Chr04",151350233,151353861,"-"
184.290966758952,-1.61260308385379,0.346470370551561,1.37355573205635e-07,4.21515118137413e-05,"NbT2T04g02868","NbAT1G53710","Calcineurin-like metallo-phosphoesterase superfamily protein","Chr04",158933285,158944557,"-"
1304.80002092033,4.18062137466773,0.951221675338254,3.91109654397493e-07,0.000113164784859526,"NbT2T04g03028","NbT2T04g03028","basic helix-loop-helix domain domain-containing protein","Chr04",164349384,164354595,"-"
47548.3813071564,3.01552980612398,0.53776526003386,8.68157672246011e-10,4.08922453341179e-07,"NbT2T04g03068","NbATCG00490","Uncharacterized protein","Chr04",165999376,166002155,"-"
18162.1743522968,1.16145192534069,0.311130733060465,8.33426864837984e-06,0.00178626748364323,"NbT2T04g03069","NbT2T04g03069","AAA%2C ATP-synt_DE%2C ATP-synt_DE_N%2C ATP-synt_VA_C%2C ATP-synt_ab_N domain-containing protein","Chr04",166003047,166004829,"+"
1449.04210865124,-1.93271887205242,0.67851198634995,0.000132577994389281,0.0177800080496536,"NbT2T04g03257","NbT2T04g03257","MFS transporter superfamily%2C TM domain-containing protein","Chr04",173206259,173209602,"+"
256.057800086623,-4.30382511771121,0.711735083197077,5.70547234033723e-11,3.00152303327767e-08,"NbT2T04g03499","NbT2T04g03499","Uncharacterized protein","Chr04",180892414,180892647,"-"
723.873447557553,4.72943929287618,1.02047785363258,1.2555717299624e-07,3.88249615552038e-05,"NbT2T05g00237","NbT2T05g00237","Uncharacterized protein","Chr05",13696936,13697178,"-"
738.974851575308,2.14054885245573,0.694297311292948,6.71921309760786e-05,0.0100066869175698,"NbT2T05g00410","NbT2T05g00410","Uncharacterized protein","Chr05",23141259,23141758,"+"
116.719258609857,3.26164376196665,0.887594290574999,7.8296766774365e-06,0.00170518571424515,"NbT2T05g00617","NbT2T05g00617","C-lobe%2C Pkinase%2C Kinase_sf domain-containing protein","Chr05",34429494,34432944,"-"
56.7908801179127,5.45485310848889,0.898565575177611,7.72385745693698e-11,3.9604812388051e-08,"NbT2T05g00826","NbAT5G24510","60S acidic ribosomal protein family","Chr05",46402887,46404362,"-"
25.5661954054005,2.64502235142886,0.411716628282004,6.87391692182517e-12,4.20037181611309e-09,"NbT2T05g01032","NbATCG00150","Uncharacterized protein","Chr05",55745111,55747008,"-"
9.88915652722364,2.29990102259995,0.527307377001754,6.21256103327352e-07,0.00016666120684493,"NbT2T05g01033","NbT2T05g01033","Photosystem antenna protein...%2C TM domain-containing protein","Chr05",55748791,55749300,"+"
1859.86110097649,3.42822538968698,0.997035503134009,1.8514951870436e-05,0.00348838916450057,"NbT2T05g01359","NbMBF1C","multiprotein bridging factor 1C","Chr05",66574381,66574821,"-"
50.8968458810436,1.33334386546306,0.445663531905244,0.000100077813243133,0.0138360138527401,"NbT2T05g01622","NbRIP2-7","ROP interactive partner 3","Chr05",76384853,76388227,"+"
98.132478211901,1.16220823836443,0.372042655008717,6.93391655783389e-05,0.0102231246854156,"NbT2T05g01720","NbAT3G54000","TIP41-like protein","Chr05",81461644,81463477,"-"
852.419554424779,1.42658419365706,0.326044065104739,5.46836672237276e-07,0.000147675066126584,"NbT2T05g01889","NbT2T05g01889","RNA_pol_Rpb2_6 domain-containing protein","Chr05",88512105,88512764,"+"
132.268663619727,2.07224488955549,0.611058641141996,2.48540196410952e-05,0.00437557803069144,"NbT2T05g01964","NbT2T05g01964","Uncharacterized protein","Chr05",91958904,91960103,"+"
58.1700016110363,3.12713456874229,1.07224017496268,9.76871729397946e-05,0.0137015381944037,"NbT2T05g02305","NbT2T05g02305","Uncharacterized protein","Chr05",105730616,105730841,"+"
687.810923015386,1.17489996086146,0.32988766509152,1.58519925033554e-05,0.00308717554002847,"NbT2T05g02364","NbHB-2-2","homeobox protein 2","Chr05",109432399,109434280,"-"
85.1958915272222,2.1594101469006,0.252777643968811,6.47425012495122e-19,7.71349776651541e-16,"NbT2T05g02485","NbT2T05g02485","ATP synthase%2C F0 complex%2C s...%2C Helix hairpin bin%2C Small ribosomal subunit pro...%2C TM domain-containing protein","Chr05",115290991,115292314,"-"
38.2051187740631,1.74274167534576,0.324308326082888,3.9839640721871e-09,1.71683421953357e-06,"NbT2T05g02486","NbT2T05g02486","beta and beta-prime subunit... domain-containing protein","Chr05",115292723,115293024,"-"
268.151932765159,2.84749952357032,0.242027927553778,2.9623808871386e-33,1.00000104146842e-29,"NbT2T05g02487","NbT2T05g02487","Photosystem II protein D1/D...%2C Photosystem antenna protein...%2C Photosystem II CP43 reactio...%2C TM domain-containing protein","Chr05",115294981,115297399,"+"
144.854860396328,2.12582123262619,0.353452963935835,8.68039614418496e-11,4.39531858760806e-08,"NbT2T05g02488","NbT2T05g02488","Photosystem I PsaA/PsaB sup...%2C RNA_pol_Rpb2_2%2C TM domain-containing protein","Chr05",115299271,115305534,"-"
800.971721507756,1.42143520665942,0.182020134659496,2.94935274320979e-16,2.84458049814148e-13,"NbT2T05g02492","NbT2T05g02492","Photosystem II protein D1/D...%2C Photosystem antenna protein...%2C Photosystem II CP43 reactio...%2C TM domain-containing protein","Chr05",115320857,115322808,"+"
532.02435942736,6.45625887849145,1.42161442417112,1.66812961310989e-07,5.08064619307184e-05,"NbT2T05g02645","NbT2T05g02645","AP2%2C AP2/ERF domain superfamily domain-containing protein","Chr05",122777665,122778905,"+"
175.393827417549,-1.27127389001086,0.373069469541613,2.60511684381091e-05,0.00454862384090914,"NbT2T05g02873","NbAT1G63010","Major Facilitator Superfamily with SPX (SYG1/Pho81/XPR1) domain-containing protein","Chr05",131907866,131916627,"+"
3327.69114850885,-1.84744813249372,0.312486118016166,1.5136969287695e-10,7.47766282812132e-08,"NbT2T06g00024","NbOPT3","oligopeptide transporter","Chr06",4056006,4060964,"-"
82.3201934490442,2.60013927671433,0.819325584977837,4.61568400402172e-05,0.00727518006361525,"NbT2T06g00161","NbT2T06g00161","Uncharacterized protein","Chr06",8446735,8447172,"-"
81.101890269447,2.57610783827589,0.816232724194015,4.89363054571243e-05,0.00765371375079997,"NbT2T06g00167","NbT2T06g00167","Uncharacterized protein","Chr06",8472482,8472919,"+"
3981.49066848989,1.26039777676665,0.357663287907896,1.93192421589945e-05,0.00362307343229884,"NbT2T06g00402","NbT2T06g00402","Large ribosomal subunit pro...%2C Ribosomal_L16_L10e domain-containing protein","Chr06",18909830,18910682,"+"
1838.76658706522,-1.98846290688893,0.403279208620679,3.41122899083308e-08,1.23376842822024e-05,"NbT2T06g00530","NbT2T06g00530","MFS%2C TM domain-containing protein","Chr06",25265751,25271121,"+"
6.5115079003024,-2.21571234939001,0.784531637327313,0.000233874266959656,0.0281121032819043,"NbT2T06g00532","NbT2T06g00532","ZF_A20%2C ZF_AN1 domain-containing protein","Chr06",25407548,25408132,"+"
35.4177627965911,1.25745575144856,0.507323373947522,0.000418647850871034,0.0448639871510155,"NbT2T06g00710","NbCMPG1-1","CYS%2C MET%2C PRO%2C and GLY protein 1","Chr06",34616528,34617844,"-"
299.282018941585,1.91692328554145,0.544681311370763,1.56813309277571e-05,0.00306869252764051,"NbT2T06g00960","NbAT1G64380","Integrase-type DNA-binding superfamily protein","Chr06",43328944,43330017,"-"
33.3936891665597,-1.39365406806386,0.540638992734791,0.000325374751518191,0.0367138730765985,"NbT2T06g01033","NbT2T06g01033","Uncharacterized protein","Chr06",45497935,45498549,"+"
29.4642241262594,-1.56812286909172,0.585152238437545,0.000237421826891421,0.0281773272866922,"NbT2T06g01034","NbT2T06g01034","Uncharacterized protein","Chr06",45530699,45531301,"+"
107.917422778997,4.1942029792536,1.41763897628943,7.32024949958262e-05,0.0107050060191008,"NbT2T06g01199","NbT2T06g01199","IBR domain-containing protein","Chr06",51169468,51170403,"+"
29.2937387743895,1.78465468134428,0.651262114634913,0.00018995059859707,0.0235306386788077,"NbT2T06g01336","NbARR4-2","response regulator 4","Chr06",54616592,54617722,"+"
892.554914145075,1.2624279498166,0.280395285109738,3.1017497333776e-07,9.17121738683648e-05,"NbT2T06g01401","NbT2T06g01401","PHB domain-containing protein","Chr06",56358062,56359643,"+"
4.99485660424116,2.6649249049512,0.738694081020521,1.77665271126218e-05,0.00337880976656377,"NbT2T06g01543","NbT2T06g01543","Uncharacterized protein","Chr06",61535687,61536202,"-"
14693.2822855192,-1.79172116177723,0.409157891049686,4.79879225839811e-07,0.000132237739321898,"NbT2T06g02004","NbORG1-1","OBP3-responsive protein 1","Chr06",75960936,75968298,"+"
107.375574094779,-1.67545776263603,0.50018909236179,2.92394222115396e-05,0.00499759710947277,"NbT2T06g02379","NbT2T06g02379","SP domain-containing protein","Chr06",94043956,94044378,"-"
30.0591834808073,2.99151151122085,1.10613390798204,0.000172711163712197,0.0217946789540888,"NbT2T06g03109","NbAT3G13600","calmodulin-binding family protein","Chr06",124407187,124409743,"+"
96.9201079893788,1.75823638343252,0.611099380799748,0.000132350848476162,0.0177800080496536,"NbT2T06g03137","NbT2T06g03137","Photosystem II protein D1/D... domain-containing protein","Chr06",126839453,126841691,"+"
396.453708788597,1.17525136397006,0.246343022857035,8.80821492322966e-08,2.8544253608815e-05,"NbT2T06g03140","NbT2T06g03140","Apocytochr_F_N%2C Rudiment single hybrid motif%2C Carboxyl_trans%2C G3DSA:2.40.50.100%2C TM domain-containing protein","Chr06",126845271,126849798,"+"
88.3453057349746,4.07365643944597,1.36331061010008,6.74676301980277e-05,0.0100109112236692,"NbT2T06g03244","NbT2T06g03244","AUX_IAA%2C PB1 domain-containing protein","Chr06",131890218,131891560,"+"
612.419029585876,-1.1457319619384,0.279086785812477,1.74573668203408e-06,0.000428583645550525,"NbT2T06g03557","NbAT4G25830","Uncharacterized protein family (UPF0497)","Chr06",144663446,144667176,"-"
306.252008190076,3.03549169828399,0.864099226706175,1.45022354951795e-05,0.00285173085164433,"NbT2T06g03563","PRR-Secreted","Pattern recognition receptor%2C Secreted%2CLLEC","Chr06",144793579,144795228,"+"
157.765770720644,6.17935777915146,1.46379364294945,6.47151099787197e-07,0.000170225952923245,"NbT2T06g03567","NbT2T06g03567","Glyco_transf_N domain-containing protein","Chr06",144919801,144921097,"+"
124.071377268412,2.76570194003298,0.785438501852628,1.42636361947228e-05,0.00283231066164623,"NbT2T07g00746","NbT2T07g00746","GTP-binding domain%2C domain 2%2C eIF2_C domain-containing protein","Chr07",47001603,47004892,"-"
21079.5183211986,2.59631579687784,0.360122066843156,3.12221756822242e-14,2.26500678280469e-11,"NbT2T07g00896","NbT2T07g00896","Carboxyl_trans%2C Ribulose bisphosphate carbo...%2C RuBisCO_large domain-containing protein","Chr07",58014595,58018293,"-"
55.9119437770915,4.52193509517019,0.390253936758757,2.33502591564871e-32,7.27594075316137e-29,"NbT2T07g00975","NbT2T07g00975","nucleotide-binding domain%2C AAA domain-containing protein","Chr07",62648637,62649705,"-"
2.59696334551766,3.02255113443965,1.16913522428512,0.000486571598686844,0.0498988413154599,"NbT2T07g00976","NbT2T07g00976","RuBisCO_large%2C RuBisCO_large_N domain-containing protein","Chr07",62650603,62651862,"+"
16.7771129629426,6.86031569964663,2.16288765272856,1.72276660063086e-05,0.00330738528238649,"NbT2T07g00980","NbT2T07g00980","Pyridoxal phosphate-depende...%2C large domain%2C Pyridoxal phosphate-depende... domain-containing protein","Chr07",62765504,62767260,"+"
18.0419542996284,2.36895564963249,0.737984109665074,5.0132538522675e-05,0.00778072364167249,"NbT2T07g01145","NbT2T07g01145","Asn_synthase%2C N-terminal domain domain-containing protein","Chr07",70899314,70905116,"+"
527.95060944564,2.93178486965697,0.317072715850946,1.15981958821306e-21,1.74007303256796e-18,"NbT2T07g01342","NbT2T07g01342","DNA-directed RNA polymerase...%2C RNA polymerase alpha subuni...%2C RNA_pol_Rpb2_7 domain-containing protein","Chr07",79305050,79306300,"+"
749.475950059805,3.60190905160419,0.944757547700081,4.57989349160271e-06,0.00105410412248774,"NbT2T07g01652","NbAT5G40690","histone-lysine N-methyltransferase trithorax-like protein","Chr07",94581703,94582257,"-"
1048.82702587525,2.2463301872173,0.262634472346245,5.96983572133659e-19,7.32806379999705e-16,"NbT2T07g01788","NbT2T07g01788","ATP-synt_ab_N%2C ATPase%2C F1/V1/A1 complex%2C a...%2C P-loop_NTPase domain-containing protein","Chr07",99193110,99193739,"-"
5793.10678876688,4.60048788272327,1.28364813834185,9.81467015908271e-06,0.00203883414771345,"NbT2T07g01910","NbAT2G18190","P-loop containing nucleoside triphosphate hydrolases superfamily protein","Chr07",103197019,103198830,"+"
7.63098686576162,-2.13413126427579,0.59195815592487,2.11913460794965e-05,0.00391972167574541,"NbT2T07g02509","NbT2T07g02509","DUF7705%2C SP domain-containing protein","Chr07",119997646,119999679,"+"
1545.86929095757,-1.20983062783988,0.421026963424262,0.000144342199171771,0.0189838110521107,"NbT2T07g02554","NbCIPK20-1","CBL-interacting protein kinase 20","Chr07",121132407,121134444,"-"
110.678287668064,-1.30768406628108,0.47593451518797,0.000204853761068596,0.0249195680281281,"NbT2T07g02705","NbDHNAT1-2","Thioesterase superfamily protein","Chr07",125615491,125615970,"-"
44.9364959346368,1.53588028685922,0.63340803789855,0.000453458972341215,0.0477109507833713,"NbT2T07g02773","NbT2T07g02773","DUF4408 domain-containing protein","Chr07",127602700,127604387,"+"
62.8192574569536,3.5312376608789,0.42168507987773,3.20153620170357e-18,3.32532893483611e-15,"NbT2T07g02867","NbT2T07g02867","Ribulose bisphosphate carbo...%2C RuBisCO large subunit%2C N-te... domain-containing protein","Chr07",129919874,129920401,"+"
363.457679902837,2.19275568706755,0.815228846639375,0.000207982065171791,0.0252243637604159,"NbT2T07g03310","NbNAC044-1","NAC domain containing protein 44","Chr07",141310281,141315440,"+"
3218.30787460364,3.67950995033076,1.41766655130632,0.000210125652880849,0.0254082684982013,"NbT2T07g03341","NbAT5G40690","histone-lysine N-methyltransferase trithorax-like protein","Chr07",141846349,141846975,"+"
1570.8209031922,3.23353815488541,1.3243246543885,0.000323207327835079,0.0365711799886687,"NbT2T07g03418","NbSRG3-1","senescence-related 3","Chr07",143493037,143495368,"-"
142.257156243113,-2.26954834109369,0.549264970367927,1.37002111061706e-06,0.000340471258582059,"NbT2T08g00232","NbGATA9-2","GATA transcription factor 9","Chr08",6392872,6394249,"+"
41.5315597693312,2.5679458845673,1.04982678800571,0.000363926144262623,0.0403888226076447,"NbT2T08g00815","NbT2T08g00815","GDU_TM domain-containing protein","Chr08",20827659,20831499,"-"
20.7172666496669,1.25141220854709,0.508717271823313,0.000459207436019508,0.0480660848017525,"NbT2T08g00911","NbABCG23-2","ABC-2 type transporter family protein","Chr08",23302644,23304632,"-"
16.4282877827204,1.95108590792244,0.361994549531515,3.11131708393996e-09,1.35519604770151e-06,"NbT2T08g01151","NbT2T08g01151","Photosystem II protein D1/D...%2C Photosystem antenna protein...%2C Photosystem II CP43 reactio...%2C TM domain-containing protein","Chr08",28953982,28956042,"-"
3276.98051607398,1.20218825787188,0.299573549568076,2.65178306358041e-06,0.000635612002008966,"NbT2T08g01164","NbT2T08g01164","DNA-directed RNA polymerase...%2C G3DSA:3.30.1490.10%2C Large ribosomal subunit pro...%2C RNA_pol_A_bac%2C Ribosomal_L16_L10e%2C S1_IF1_TYPE%2C Small ribosomal subunit pro... domain-containing protein","Chr08",29126529,29129873,"+"
3606.67711182535,2.08224991547951,0.165544078649757,1.43005683212837e-37,5.26624928689599e-34,"NbT2T08g01165","NbT2T08g01165","Photosystem II reaction cen...%2C TM%2C eukaryotic/bacterial%2C Di-haem cytochrome%2C transme...%2C eukaryotic/bacterial%2C Single_helix%2C plastocyanin oxidoreductase domain-containing protein","Chr08",29130185,29133666,"-"
968.588291338424,2.75884542979749,0.172515991629647,7.15454460337009e-59,9.66054309311052e-55,"NbT2T08g01166","NbT2T08g01166","Photosystem antenna protein...%2C TM domain-containing protein","Chr08",29133718,29135583,"-"
573.317191763735,-1.64193844338681,0.664282362464055,0.000378737906437801,0.0417604976097297,"NbT2T08g01247","NbT2T08g01247","Orn_Arg_deC_N%2C PLP-binding barrel%2C PLP-binding barrel domain-containing protein","Chr08",31070764,31072186,"-"
3944.75494745972,-1.54370520910694,0.441040539265187,1.73966525434127e-05,0.00332407359070077,"NbT2T08g01544","NbORG1-2","OBP3-responsive protein 1","Chr08",40789667,40796408,"-"
147.282291762131,1.08964920332747,0.292604802406886,8.65410999341265e-06,0.00184505625059558,"NbT2T08g01686","NbATCG00660","Uncharacterized protein","Chr08",46022034,46022766,"+"
99.1653316664606,2.56433755643962,0.313301982213166,1.18079832185418e-17,1.19579446054173e-14,"NbT2T08g01719","NbT2T08g01719","Photosystem antenna protein...%2C TM domain-containing protein","Chr08",47225851,47229953,"+"
33.9915419960992,1.37785678859074,0.428914373979646,5.04509826388515e-05,0.00780026108677327,"NbT2T08g01988","NbATCG01110","Uncharacterized protein","Chr08",58721670,58722660,"-"
190.556838136611,2.53984811301893,0.237304729518655,5.71049469679649e-28,1.54213812785222e-24,"NbT2T08g02114","NbT2T08g02114","S6PP%2C Ycf2%2C alpha subunit nucleotide-binding domain domain-containing protein","Chr08",65184670,65187225,"-"
34.2204257736644,1.43238874347252,0.50627881037833,0.000163047248516262,0.0207695532795496,"NbT2T08g02421","NbAT2G42180","cotton fiber protein","Chr08",86871319,86871909,"+"
13.8959383417785,2.05971318424058,0.63587406317462,4.78691279951131e-05,0.00751582417374434,"NbT2T08g03007","NbT2T08g03007","TM domain-containing protein","Chr08",119322559,119323674,"+"
6.23990743711899,2.5541354344556,0.569501073080596,4.95411176130179e-07,0.000135595377855955,"NbT2T09g00278","NbT2T09g00278","DNA-directed RNA polymerase...%2C G3DSA:3.90.1100.10%2C RNA polymerase Rpb2%2C OB-fold%2C RNA_pol_Rpb2_6 domain-containing protein","Chr09",10700500,10703007,"-"
110.478522199113,1.22300404451361,0.502278745145467,0.000477166540200328,0.0494349417146672,"NbT2T09g01163","NbT2T09g01163","AAA_assoc%2C AAA_lid_At3g28540%2C core domain-containing protein","Chr09",64520736,64522280,"-"
36.0312925428158,-1.10279648899553,0.377761424663061,0.000137425638744458,0.018311966362699,"NbT2T09g01379","NbAT4G37445","calcium ion-binding protein","Chr09",73272164,73273179,"+"
2654.73089346115,1.24002489218565,0.249218190076456,3.09983488079429e-08,1.15200102157078e-05,"NbT2T09g01500","NbAT1G48720","Copia-like polyprotein/retrotransposon","Chr09",77731183,77737824,"+"
1889.59763057531,1.19298327216733,0.408291798379556,0.000130715572076222,0.0177091183734568,"NbT2T09g01501","NbATCG00660","Uncharacterized protein","Chr09",77739067,77739616,"+"
564.801851242388,1.02081070857711,0.24432852627728,1.42104732376173e-06,0.000350998688969147,"NbT2T09g01839","NbT2T09g01839","Cytochrome f large domain s...%2C Rudiment single hybrid motif%2C G3DSA:2.40.50.100%2C TM domain-containing protein","Chr09",89798469,89799004,"-"
115.541510676525,1.46622005325252,0.563785801264325,0.000299187601059562,0.034139412235833,"NbT2T09g02073","NbAT1G54740","FANTASTIC four-like protein (DUF3049)","Chr09",97156384,97157232,"-"
106.959941329876,4.67974174269419,0.937635159848826,2.28737960930189e-08,8.57936789014824e-06,"NbT2T09g02242","NbT2T09g02242","Small ribosomal subunit pro... domain-containing protein","Chr09",101672116,101672577,"+"
202.659336181764,-1.07462278691007,0.422252986948662,0.000377484090691761,0.0417604976097297,"NbT2T09g02263","NbAT4G00870","basic helix-loop-helix (bHLH) DNA-binding superfamily protein","Chr09",102515169,102516494,"-"
144.16316049695,-1.03700430747649,0.396579633595136,0.000319483504288396,0.0362510862513006,"NbT2T09g02383","NbT2T09g02383","RVT_1%2C Reverse transcriptase/Digua... domain-containing protein","Chr09",106660876,106666900,"+"
104.984578749721,5.00147729676714,1.02522077507161,3.31108298442495e-08,1.20833648228005e-05,"NbT2T09g02698","NbT2T09g02698","Beta-prop_KIB1-4 domain-containing protein","Chr09",116909767,116911284,"+"
378.036018591115,3.22699438570108,0.936998519784632,1.81373803277123e-05,0.00343321963698585,"NbT2T09g02995","NbT2T09g02995","PROKAR_LIPOPROTEIN%2C SGNH hydrolase superfamily%2C SP domain-containing protein","Chr09",124998559,124999671,"+"
971.303280199035,-1.0301761524821,0.391167519655377,0.000311928854727648,0.0354932978856954,"NbT2T09g03100","NbbZIP44-4","basic leucine-zipper 44","Chr09",127982268,127982780,"+"
280.302308835756,2.85040282778573,0.937993974528686,6.96549425588702e-05,0.0102231246854156,"NbT2T09g03143","NbT2T09g03143","NAC domain-containing protein","Chr09",128975432,128975977,"+"
51.1913202665788,-1.60320029022473,0.538353654961054,9.99203945673533e-05,0.0138360138527401,"NbT2T10g00144","NbT2T10g00144","Pirin_C%2C RmlC-like jelly roll fold domain-containing protein","Chr10",4611047,4614264,"+"
12.6330397911482,-1.5772096239178,0.623151658744474,0.000401875715197829,0.0432956954022172,"NbT2T10g00433","NbAT3G62620","sucrose-phosphatase-like protein","Chr10",15162817,15167092,"-"
783.810812501847,1.84019375311299,0.743635142981666,0.000381060910477288,0.0417604976097297,"NbT2T10g00444","NbPIT1-2","RING/FYVE/PHD zinc finger superfamily protein","Chr10",15722571,15725229,"+"
94.8394497450802,1.84164227735134,0.253357714471441,1.92057841907193e-14,1.46790170942955e-11,"NbT2T10g00832","NbT2T10g00832","ATP-synt_ab_N%2C ATP synthase subunit alpha%2C...%2C Cyt_c_Oxidase_III%2C Cytochrome c oxidase%2C subun...%2C G3DSA:3.40.50.12240%2C TM%2C YMF19_C%2C nucleotide-binding domain domain-containing protein","Chr10",30910409,30915884,"+"
27.4812913205141,1.26831081116328,0.466175571274749,0.000242860669656089,0.028598255832642,"NbT2T10g00834","NbATMG00650","Uncharacterized protein","Chr10",30936828,30938797,"+"
46.7614663584104,1.10434206227604,0.335121682036306,4.23712001510566e-05,0.00675737234535039,"NbT2T10g00836","NbT2T10g00836","COX2_TM%2C Ribosomal_L16_L10e%2C TM domain-containing protein","Chr10",31022978,31024489,"+"
44.8718038520813,5.35523523440364,1.17809584466891,2.53146127906703e-07,7.5958839624035e-05,"NbT2T10g00862","NbT2T10g00862","Small ribosomal subunit pro... domain-containing protein","Chr10",32288505,32288969,"-"
190.2912401634,1.12984365346327,0.172046400490658,2.58848139041424e-12,1.6911968413371e-09,"NbT2T10g00975","NbAT3G22560","Acyl-CoA N-acyltransferases (NAT) superfamily protein","Chr10",35849302,35849823,"-"
9.1324685849936,3.49438438298651,1.16802440178965,9.39489789084879e-05,0.0133065917399476,"NbT2T10g01044","NbT2T10g01044","SP%2C TAXi_C domain-containing protein","Chr10",38046821,38048140,"-"
9.14339012864617,3.73230449573933,1.23722960283588,7.50052179844477e-05,0.0109291775903382,"NbT2T10g01710","NbT2T10g01710","SP domain-containing protein","Chr10",58537814,58538674,"-"
591.063012563877,1.02926630813881,0.396459167535047,0.000344322946337218,0.0385299279288067,"NbT2T10g01804","NbAT1G49560","Homeodomain-like superfamily protein","Chr10",61938335,61940548,"-"
23.1108731020146,3.38166007418041,0.362003638150507,9.91520127934149e-22,1.5447883593214e-18,"NbT2T10g01844","NbT2T10g01844","RuBisCO_large%2C RuBisCO_large_N domain-containing protein","Chr10",63534943,63535789,"+"
80.8317562214122,-1.95180358788498,0.576354035041568,2.4748533275621e-05,0.00437557803069144,"NbT2T10g02168","NbAT5G20310","Adenine nucleotide alpha hydrolases-like superfamily protein","Chr10",83412797,83428301,"+"
13.7213851417745,-2.37994619305699,0.741701098408504,5.19551922890696e-05,0.00797197321683952,"NbT2T10g02404","NbT2T10g02404","SP%2C TM domain-containing protein","Chr10",95709093,95709356,"-"
188.320184051727,3.41971705274333,1.17748687810295,9.71015044279753e-05,0.0137015381944037,"NbT2T10g02640","NbT2T10g02640","Uncharacterized protein","Chr10",105498922,105499146,"+"
1557.63734176467,1.44727581981975,0.195524874593123,7.03564258945478e-15,5.81632265333948e-12,"NbT2T11g00319","NbT2T11g00319","Apocytochr_F_N%2C Rudiment single hybrid motif%2C Cytochrome f transmembrane ...%2C G3DSA:2.40.50.100%2C TM domain-containing protein","Chr11",23291902,23293800,"-"
185.090238046034,1.46882925882025,0.237517673077127,3.04007199388958e-11,1.66415184227674e-08,"NbT2T11g00320","NbATCG00520","Uncharacterized protein","Chr11",23293805,23294576,"-"
46861.5047207101,2.85462388450997,0.543355639728486,6.30998003104935e-09,2.50592814801713e-06,"NbT2T11g00321","NbT2T11g00321","Carboxyl_trans%2C Photosystem antenna protein...%2C Ribulose bisphosphate carbo...%2C RuBisCO_large%2C TM domain-containing protein","Chr11",23295377,23300649,"-"
13.3535974117926,1.57864305017825,0.553504506089638,0.000157377298294611,0.0203026738831786,"NbT2T11g00582","NbT2T11g00582","Photosystem II protein D1/D...%2C TM domain-containing protein","Chr11",43154587,43155279,"+"
51.9459843658651,2.08593888729052,0.501873750441077,1.3049824882342e-06,0.000326310065638217,"NbT2T11g00733","NbT2T11g00733","ATP-synt_C%2C F/V-ATP synthase subunit C ...%2C ATP-synt_ab_N%2C ATP synthase subunit alpha%2C...%2C TM%2C nucleotide-binding domain domain-containing protein","Chr11",52997113,53000226,"-"
28.1043285542361,1.51308260971779,0.287059121210966,6.29199558693892e-09,2.50592814801713e-06,"NbT2T11g00734","NbATCG00170","Uncharacterized protein","Chr11",53001370,53014086,"-"
46.3289977329179,1.18547112753979,0.268421042945318,4.70282225952768e-07,0.000130480769923937,"NbT2T11g01500","NbCK1-3","choline kinase 1","Chr11",90763294,90765972,"-"
25.7215440914117,2.01693054507079,0.745572695988271,0.000201910166091467,0.0247099003263841,"NbT2T11g01859","NbAT5G24510","60S acidic ribosomal protein family","Chr11",108545897,108546987,"+"
671.743293406395,3.50074829121793,1.27306099625002,0.000144321381958302,0.0189838110521107,"NbT2T11g01926","NbAT1G23710","DNA ligase-like protein%2C putative (DUF1645)","Chr11",111506339,111507232,"-"
147.655332633544,2.29626925163624,0.420728193146622,2.21351062049705e-09,9.96276535723274e-07,"NbT2T11g01960","NbT2T11g01960","Photosystem I PsaA/PsaB sup...%2C TM domain-containing protein","Chr11",112895529,112896359,"-"
37.9650099722355,1.22710553139574,0.482456050882184,0.000358759765081486,0.0399248367140683,"NbT2T11g01979","NbT2T11g01979","basic helix-loop-helix (bHLH) domain domain-containing protein","Chr11",113860818,113861912,"+"
1690.01788433977,1.90761357446743,0.22417631498886,8.78604647206048e-19,1.01112016877647e-15,"NbT2T11g02551","NbATCG00160","Uncharacterized protein","Chr11",132839533,132840252,"+"
1336.80963740688,-1.62789532325778,0.457523531380476,1.38546331960028e-05,0.00276464769213637,"NbT2T12g00105","NbPYE-2","basic helix-loop-helix (bHLH) DNA-binding superfamily protein","Chr12",5120594,5123029,"-"
119.921329508671,1.43243307866118,0.326233747922198,5.17598952003124e-07,0.000140717438575453,"NbT2T12g00130","NbT2T12g00130","Proton_antipo_M%2C TM domain-containing protein","Chr12",6090843,6091360,"+"
7.61807883488393,-1.88503055579362,0.673264934633757,0.000236005406199633,0.0281773272866922,"NbT2T12g00171","NbAT3G52490","Double Clp-N motif-containing P-loop nucleoside triphosphate hydrolases superfamily protein","Chr12",8600024,8603193,"+"
697.795487766668,2.0638711065747,0.226151477889671,3.51097788332547e-21,5.07938186063386e-18,"NbT2T12g00273","NbT2T12g00273","Photosystem antenna protein...%2C TM domain-containing protein","Chr12",13549680,13550560,"-"
921.244982094092,1.43321320139621,0.30206149231964,9.66030897034003e-08,3.08125823441365e-05,"NbT2T12g00356","NbATCG00750","Uncharacterized protein","Chr12",17265181,17265599,"-"
13893.6560279656,1.39141577017457,0.213114277622423,3.29455602005722e-12,2.11834722635679e-09,"NbT2T12g00358","NbT2T12g00358","Photosystem I PsaA/PsaB sup...%2C Photosystem antenna protein...%2C Ribosomal_L2%2C Ribosomal_S7%2C TM%2C beta and beta-prime subunit... domain-containing protein","Chr12",17285555,17299647,"+"
2936.99065047304,1.48370684893755,0.437281472702742,2.86945897454116e-05,0.00492525610765735,"NbT2T12g00359","NbT2T12g00359","Large ribosomal subunit pro... domain-containing protein","Chr12",17302459,17303921,"-"
827.298375134843,3.173363562508,0.432701895279921,1.04310934008398e-14,8.28515159767098e-12,"NbT2T12g00361","NbT2T12g00361","RuBisCO_large_N domain-containing protein","Chr12",17330652,17332874,"-"
1778.80926102409,1.6699378933281,0.337102005686283,3.30625413990853e-08,1.20833648228005e-05,"NbT2T12g00362","NbT2T12g00362","P-loop_NTPase%2C TM%2C eIF-1a%2C eukaryotic/bacterial%2C Di-haem cytochrome%2C transme...%2C P-loop_NTPase domain-containing protein","Chr12",17333598,17337471,"+"
3153.52050266856,1.95963357558669,0.228888297428264,5.61405972790557e-19,7.10669785806246e-16,"NbT2T12g00364","NbATCG00330","Uncharacterized protein","Chr12",17343667,17352054,"+"
1612.27760269318,1.40822697786023,0.318571803218844,4.41301976979039e-07,0.000125889158334274,"NbT2T12g00365","NbT2T12g00365","Complex1_49kDa%2C Photosystem II reaction cen...%2C TM%2C eukaryotic/bacterial%2C Cytochrome b/b6%2C C-terminal... domain-containing protein","Chr12",17357529,17361347,"+"
1037.83002493993,1.71050743686651,0.44271237401306,4.77570948986875e-06,0.00109296293794126,"NbT2T12g00366","NbT2T12g00366","Photosystem I PsaJ%2C reactio...%2C Single_helix%2C RNA polymerase Rpb1%2C clamp ...%2C TM%2C domain 5 domain-containing protein","Chr12",17363941,17370014,"+"
17756.9848686724,1.31158989051757,0.293119828223973,4.62696011596244e-07,0.000130119834692531,"NbT2T12g00367","NbT2T12g00367","ATP-synt_DE%2C ATP-synt_DE_N%2C ATP-synt_VA_C%2C ATP-synt_ab_N%2C Glucocorticoid receptor-lik...%2C Nucleic acid-binding%2C OB-fold%2C P-loop_NTPase%2C Photosystem I PsaA/PsaB sup...%2C RNA_pol_Rpb2_6%2C Ribosomal_L2%2C nucleotide-binding domain domain-containing protein","Chr12",17369548,17390323,"-"
4052.21505210269,3.07076580963386,0.230236169004088,7.24271887142999e-42,4.19125794348409e-38,"NbT2T12g00368","NbATCG00720","Uncharacterized protein","Chr12",17372822,17374022,"+"
596.900801179507,1.89893026295782,0.217323800751307,1.19616550306122e-19,1.56304103864528e-16,"NbT2T12g00369","NbT2T12g00369","Photosystem I PsaA/PsaB sup...%2C TM domain-containing protein","Chr12",17388233,17388609,"+"
430.753026156245,2.58903829337345,0.363600016274723,5.15163968270754e-14,3.59797621150202e-11,"NbT2T12g00370","NbT2T12g00370","Photosystem II protein D1/D...%2C TM domain-containing protein","Chr12",17400650,17400975,"+"
68.0380192745395,1.36021151754443,0.212429477064193,7.63595057127774e-12,4.48285631509158e-09,"NbT2T12g00371","NbT2T12g00371","Single_helix domain-containing protein","Chr12",17407070,17408016,"-"
16257.1522511245,1.80891812992276,0.173094474961792,4.97392996206736e-27,1.18519973472603e-23,"NbT2T12g00664","NbATCG00280","Uncharacterized protein","Chr12",28396506,28397461,"-"
60.5991664203204,6.25545103524001,1.33570156193015,1.19944061769642e-07,3.73745696474203e-05,"NbT2T12g00896","NbT2T12g00896","AP2%2C DNA-binding domain superfamily domain-containing protein","Chr12",37577474,37579284,"+"
32.7109092975552,1.90446586956761,0.484003271836697,3.14653967571061e-06,0.000745380287623891,"NbT2T12g00918","NbT2T12g00918","Photosystem II reaction cen... domain-containing protein","Chr12",38652482,38653145,"-"
116.572943135518,-1.39987811007674,0.417537939810122,3.06389453859595e-05,0.00512860495741507,"NbT2T12g00942","NbT2T12g00942","AAI%2C SP domain-containing protein","Chr12",40050110,40050850,"+"
20092.9539113148,1.02713245553969,0.297280920994527,2.43814615502823e-05,0.00433177300210015,"NbT2T12g01448","NbT2T12g01448","AAA%2C ATP-synt_DE%2C ATP-synt_DE_N%2C ATP-synt_VA_C%2C ATP-synt_ab_N domain-containing protein","Chr12",64550233,64552131,"-"
45161.5514346618,2.82659449050332,0.54411325349964,8.86359892081681e-09,3.48588995227619e-06,"NbT2T12g01449","NbT2T12g01449","Carboxyl_trans%2C Ribulose bisphosphate carbo...%2C RuBisCO_large%2C TM domain-containing protein","Chr12",64552889,64558643,"+"
2284.48544168285,1.42300385157547,0.199207853889786,4.6860804366305e-14,3.33024116363207e-11,"NbT2T12g01450","NbT2T12g01450","Apocytochr_F_N%2C Rudiment single hybrid motif%2C Cytochrome f transmembrane ...%2C G3DSA:2.40.50.100%2C TM domain-containing protein","Chr12",64558648,64560546,"+"
19899.9130751098,2.73486094146012,0.212227942651619,2.28740541035264e-39,1.02953575958405e-35,"NbT2T12g01452","NbT2T12g01452","Photosystem antenna protein...%2C TM domain-containing protein","Chr12",64570052,64572153,"+"
22029.505748238,2.58567124295348,0.260904679834879,2.41672178276004e-24,4.79974102697196e-21,"NbT2T12g01453","NbT2T12g01453","Photosystem II reaction cen...%2C TM%2C eukaryotic/bacterial%2C Di-haem cytochrome%2C transme...%2C eukaryotic/bacterial%2C Single_helix%2C plastocyanin oxidoreductase domain-containing protein","Chr12",64572157,64576140,"+"
555.869237669358,1.31747373743321,0.352322066068508,7.76368538826155e-06,0.00169995333896053,"NbT2T12g01460","NbATCG01010","Uncharacterized protein","Chr12",64621315,64626782,"+"
5288.58649568177,1.12453676036622,0.230795294827389,5.45401169500624e-08,1.90457849776994e-05,"NbT2T12g01462","NbATCG00890","Uncharacterized protein","Chr12",64631433,64638432,"+"
15168.082878924,1.76186815468507,0.439778583423875,2.71613273275014e-06,0.000647206498460252,"NbT2T12g01467","NbT2T12g01467","ATP-synt_C%2C F/V-ATP synthase subunit C ...%2C ATP-synt_Fo_b%2C ATP-synt_ab_C%2C ATP-synt_ab_N%2C ATPase%2C F1/V1/A1 complex%2C a...%2C TM%2C alpha subunit nucleotide-binding domain domain-containing protein","Chr12",64659412,64662903,"-"
4097.0779051666,1.96429126285013,0.307528496282798,8.12625740520218e-12,4.702549070999e-09,"NbT2T12g01468","NbT2T12g01468","ATP synthase%2C F0 complex%2C s...%2C Helix hairpin bin%2C Small ribosomal subunit pro...%2C TM domain-containing protein","Chr12",64664046,64665962,"-"
1871.1990078471,1.96110494392999,0.354855556207174,1.51119599779798e-09,6.9563099407728e-07,"NbT2T12g01469","NbATCG00170","Uncharacterized protein","Chr12",64665964,64673099,"-"
543.631611540455,2.59524907311642,0.335852024435873,5.4298597398198e-16,4.99892632592319e-13,"NbT2T12g01470","NbATCG00190","Uncharacterized protein","Chr12",64673101,64676754,"-"
21401.0069326341,1.98945695133538,0.194070009720028,5.48133739392076e-26,1.23354452862746e-22,"NbT2T12g01471","NbT2T12g01471","Photosystem II protein D1/D...%2C Photosystem antenna protein...%2C Photosystem II CP43 reactio...%2C TM domain-containing protein","Chr12",64683306,64685803,"+"
14969.8922922026,2.36300908535602,0.362264093763871,3.9000255711094e-12,2.46847243491405e-09,"NbT2T12g01472","NbT2T12g01472","Glucocorticoid receptor-lik...%2C Photosystem I PsaA/PsaB sup...%2C TM domain-containing protein","Chr12",64686386,64692315,"-"
3484.18643556529,2.63098873038056,0.364623463758948,2.72261833134416e-14,2.04236709937202e-11,"NbT2T12g01473","NbATCG00300","Uncharacterized protein","Chr12",64686421,64686618,"+"
878.035944933938,1.49717039387406,0.391448053654485,5.3889489326215e-06,0.00121952817521023,"NbT2T12g01474","NbATCG00380","Uncharacterized protein","Chr12",64696339,64696950,"-"
17394.5095664034,1.01658342064035,0.279841000036358,1.43853481423863e-05,0.00284254479293554,"NbT2T12g01476","NbATCG00480","Uncharacterized protein","Chr12",64703400,64705518,"-"
40272.9215805777,2.88179571116055,0.571526899140908,1.94272168149538e-08,7.49483522609664e-06,"NbT2T12g01477","NbT2T12g01477","Carboxyl_trans%2C Ribulose bisphosphate carbo...%2C RuBisCO_large%2C TM domain-containing protein","Chr12",64706285,64712029,"+"
1738.13863158848,1.57877539229871,0.194054127496075,2.09773784932052e-17,2.07256499512868e-14,"NbT2T12g01478","NbT2T12g01478","Apocytochr_F_N%2C Rudiment single hybrid motif%2C Cytochrome f transmembrane ...%2C G3DSA:2.40.50.100%2C TM domain-containing protein","Chr12",64712035,64713941,"+"
29472.7193745345,2.72816760460314,0.209793896434582,6.52973850916999e-40,3.30633309411822e-36,"NbT2T12g01480","NbATCG00680","Uncharacterized protein","Chr12",64723427,64725663,"+"
15446.9913620013,2.48612309910379,0.292316507937008,1.29507312220624e-18,1.4178600549819e-15,"NbT2T12g01481","NbT2T12g01481","Photosystem II reaction cen...%2C TM%2C eukaryotic/bacterial%2C Di-haem cytochrome%2C transme...%2C eukaryotic/bacterial%2C Single_helix%2C plastocyanin oxidoreductase domain-containing protein","Chr12",64725665,64729200,"+"
17209.8970443581,1.19046308099337,0.321856615456863,9.42061990057431e-06,0.00198755453610658,"NbT2T12g01482","NbT2T12g01482","DNA-directed RNA polymerase...%2C G3DSA:3.30.1490.10%2C Large ribosomal subunit pro...%2C RNA_pol_A_bac%2C Ribosomal_L16_L10e%2C Small ribosomal subunit pro...%2C eIF-1a domain-containing protein","Chr12",64729405,64732595,"-"
911.006028408595,1.24591825879456,0.4042557355162,7.87012419858859e-05,0.0113535182299263,"NbT2T12g01487","NbT2T12g01487","Complex1_49kDa%2C Fer4_9%2C NADH-ubiquinone/plastoquino...%2C TM domain-containing protein","Chr12",64766080,64771226,"+"
4460.8519940077,1.16933344591874,0.256469298765589,2.45904227535027e-07,7.43364809626035e-05,"NbT2T12g01490","NbATCG01010","Uncharacterized protein","Chr12",64776873,64794159,"+"
214.938161321336,1.67585170429081,0.27760754164405,7.66112179012455e-11,3.9604812388051e-08,"NbT2T12g01495","NbATCG00050","Uncharacterized protein","Chr12",64808307,64810823,"-"
5055.57898247712,2.03578750925498,0.420145982814711,6.03549267358415e-08,2.03738114351289e-05,"NbT2T12g01496","NbT2T12g01496","ATP-synt_C%2C F/V-ATP synthase subunit C ...%2C ATP-synt_ab_C%2C ATP-synt_ab_N%2C ATPase%2C F1/V1/A1 complex%2C a...%2C G3DSA:3.40.50.12240%2C TM%2C alpha subunit nucleotide-binding domain domain-containing protein","Chr12",64815148,64818630,"-"
5917.81600165467,2.10221461464245,0.278245228301826,2.33728511432518e-15,2.0144413917252e-12,"NbT2T12g01497","NbATCG00170","Uncharacterized protein","Chr12",64818634,64832193,"-"
23694.3181667342,2.01522196683947,0.175876188246056,1.11905403171771e-31,3.23790290834435e-28,"NbT2T12g01498","NbT2T12g01498","Photosystem II protein D1/D...%2C Photosystem antenna protein...%2C Photosystem II CP43 reactio...%2C TM domain-containing protein","Chr12",64839043,64841498,"+"
1160.63878631976,5.16516127740689,0.407408034085642,4.8387582714749e-38,1.96008420060905e-34,"NbT2T12g01957","NbATCG01010","Uncharacterized protein","Chr12",86478646,86479097,"+"
58.7577415577028,2.27992893466467,0.767192633066398,8.84220755840757e-05,0.0126119768935202,"NbT2T12g02613","NbT2T12g02613","Uncharacterized protein","Chr12",124829146,124829595,"-"
373.82928408725,2.04036704579866,0.813606755952006,0.000338679599360963,0.0381089811414274,"NbT2T12g02614","NbT2T12g02614","Uncharacterized protein","Chr12",124836696,124837151,"-"
58.3577820208293,2.29277558996975,0.761811120441927,7.8758235968433e-05,0.0113535182299263,"NbT2T12g02618","NbT2T12g02618","Uncharacterized protein","Chr12",124846699,124847136,"-"
187.881609539966,3.87555049070675,1.17760937113742,2.79684465100102e-05,0.00482104609032976,"NbT2T12g02678","NbAT3G47670","Plant invertase/pectin methylesterase inhibitor superfamily protein","Chr12",128229450,128233716,"+"
22.2230691399857,1.46778208177902,0.421835471894144,2.14185726857693e-05,0.00394374337434156,"NbT2T12g02838","NbAT2G07715","Nucleic acid-binding%2C OB-fold-like protein","Chr12",138387562,138391470,"+"
244.539505699771,4.19287600557093,0.218862219631062,2.70530056739547e-83,1.09586315384056e-78,"NbT2T12g02841","NbT2T12g02841","Photosystem I PsaA/PsaB sup...%2C TM domain-containing protein","Chr12",138927876,138933926,"-"
1409.48574784593,-2.52061243620965,0.430610552229087,1.96363738294975e-10,9.58349676006367e-08,"NbT2T12g03051","NbT2T12g03051","TM domain-containing protein","Chr12",149823840,149828481,"+"
251.346958139387,4.62173798759916,1.05327301352129,3.71427780546161e-07,0.000109027511118579,"NbT2T13g01023","NbT2T13g01023","Uncharacterized protein","Chr13",47849274,47849501,"-"
16.3754639736933,5.27972602650289,1.44621420640423,9.73997068428682e-06,0.00203374604370665,"NbT2T13g01442","NbT2T13g01442","basic helix-loop-helix domain domain-containing protein","Chr13",65098420,65102192,"-"
221.580334103475,1.19948928820779,0.319308010285108,7.38170271506457e-06,0.00163397821629418,"NbT2T13g01760","NbT2T13g01760","C-terminal%2C Lig_chan-Glu_bd%2C G3DSA:1.10.287.70%2C SP%2C TM%2C periplasmic ligand-binding domain domain-containing protein","Chr13",79352827,79356316,"+"
209.259896488966,3.69988493915614,1.08678760438932,1.9428576053103e-05,0.00362678690672395,"NbT2T13g01856","NbCDPK2-2","calcium-dependent protein kinase 2","Chr13",82518709,82522799,"+"
113.133421655053,2.24624460726816,0.530225654500967,8.92797030956339e-07,0.00022745548509421,"NbT2T13g02027","NbHB-2-5","homeobox protein 2","Chr13",89830345,89832169,"-"
73.8592916264476,1.73355589762905,0.354131156194623,4.34043792737063e-08,1.5559509695746e-05,"NbT2T13g02162","NbT2T13g02162","Uncharacterized protein","Chr13",96520118,96525934,"+"
543.404734019369,5.00457822232916,1.182512296337,7.34841713204102e-07,0.000190813898195332,"NbT2T13g02601","NbT2T13g02601","DEAD%2C G3DSA:1.20.120.1080%2C OB_NTP_bind domain-containing protein","Chr13",116741770,116744616,"-"
36.4939153462192,3.42775242339746,0.531038232124697,6.5995425366958e-12,4.11283490886882e-09,"NbT2T13g02854","NbT2T13g02854","beta and beta-prime subunit... domain-containing protein","Chr13",128641786,128642139,"-"
44.6542572477412,2.12220938082948,0.448771043279331,9.8224140112972e-08,3.10848708413771e-05,"NbT2T13g02945","NbT2T13g02945","ATP-synt_ab_N%2C ATP synthase subunit alpha%2C...%2C Cyt_c_Oxidase_III%2C Cytochrome c oxidase%2C subun...%2C G3DSA:3.40.50.12240%2C TM%2C nucleotide-binding domain domain-containing protein","Chr13",134994062,134997201,"-"
67.9948018524926,2.16483845249935,0.24136675954823,1.37594560916032e-20,1.92195878399539e-17,"NbT2T13g02947","NbT2T13g02947","ATP synthase subunit alpha%2C...%2C ATP-synt_ab_C%2C Cyt_c_Oxidase_III%2C Cytochrome c oxidase%2C subun...%2C P-loop_NTPase%2C TM%2C YMF19%2C nucleotide-binding domain domain-containing protein","Chr13",135036389,135042037,"-"
122.724457824949,1.79826974532904,0.266424216303314,7.1762469329121e-13,4.76549853702301e-10,"NbT2T13g02949","NbAT2G07629","uncharacterized protein","Chr13",135070392,135074496,"-"
28.8599063042198,2.3455732544539,0.365889842672059,7.16728694021597e-12,4.26959499079807e-09,"NbT2T13g03107","NbT2T13g03107","alpha subunit nucleotide-binding domain domain-containing protein","Chr13",143925585,143926861,"-"
662.802478555903,3.03304875018251,1.08087239817005,0.000132431055980764,0.0177800080496536,"NbT2T14g00106","NbSPX2-2","SPX domain-containing protein 2 (SPX2)","Chr14",4948536,4951369,"+"
148.67953253932,-1.03941577146487,0.423433677754395,0.000481878008857649,0.0495429299055981,"NbT2T14g00554","NbT2T14g00554","Amino acid/polyamine transp...%2C TM domain-containing protein","Chr14",25643249,25646124,"-"
3812.6262486815,1.08407744529684,0.251782739241344,7.62682938249794e-07,0.000196781913774667,"NbT2T14g01059","NbATCG00890","Uncharacterized protein","Chr14",56224414,56228430,"-"
502.160133478265,1.26754168114291,0.298328485733686,9.70904680246152e-07,0.00024580879242132,"NbT2T14g01061","NbT2T14g01061","Complex1_49kDa%2C Fer4_9%2C TM domain-containing protein","Chr14",56244817,56249214,"+"
97.210143127642,1.41646907529873,0.514154958680155,0.000200970709901272,0.0247099003263841,"NbT2T14g01062","NbATCG01080","Uncharacterized protein","Chr14",56249216,56249978,"+"
57.0067924717472,1.32399200732735,0.472977452442918,0.000180316300095786,0.0226105419801605,"NbT2T14g01066","NbATCG01010","Uncharacterized protein","Chr14",56256614,56257581,"+"
49.5632851210629,3.14756888875237,0.536628760444302,2.23211548141294e-10,1.07641111810804e-07,"NbT2T14g01068","NbATCG01010","Uncharacterized protein","Chr14",56260303,56260944,"+"
183.941873289989,-1.51057188949287,0.630207826887393,0.000473187355297354,0.0492747387876226,"NbT2T14g01334","NbAT2G35760","Uncharacterized protein family (UPF0497)","Chr14",67336122,67339462,"-"
11.7446505003041,2.20858118224121,0.489078002527737,2.84318560521702e-07,8.46851194824495e-05,"NbT2T14g01472","NbT2T14g01472","ELFV_dehydrog_N%2C NAD_bind_1_Glu_DH domain-containing protein","Chr14",72941177,72945666,"-"
527.870473153956,-3.15332269385655,0.595850230009729,4.98981270330746e-09,2.08813940457261e-06,"NbT2T14g01484","NbAT3G56360","uncharacterized protein","Chr14",73251530,73252288,"-"
257.987912501806,2.17315351907424,0.74260611728173,0.000106615554140793,0.0145904826592407,"NbT2T14g01872","NbERF6-3","ethylene responsive element binding factor 6","Chr14",88994750,88995694,"+"
99.5869785369524,2.00782044251618,0.32126974714201,1.79703928124852e-11,1.01103426673354e-08,"NbT2T14g02174","NbT2T14g02174","ATP-synt_ab_N%2C ATPase%2C F1/V1/A1 complex%2C a...%2C nucleotide-binding domain domain-containing protein","Chr14",102719564,102720493,"-"
5.09467842311278,-3.7492998989416,1.21890169398566,5.3113093712237e-05,0.00811888754752942,"NbT2T14g02751","NbLDOX-2","2-oxoglutarate (2OG) and Fe(II)-dependent oxygenase superfamily protein","Chr14",131638758,131640163,"+"
131.482886136666,2.24653223865299,0.65450670781867,2.0740455356659e-05,0.00385391910819974,"NbT2T14g02927","NbROH1-2","uncharacterized protein","Chr14",140525971,140527188,"-"
1154.22038764137,2.8691652953681,0.841401969131737,2.15210693050759e-05,0.00394468540909508,"NbT2T15g00067","NbAT5G07580","ethylene-responsive transcription factor","Chr15",3280728,3281345,"-"
24.2023563862295,5.3252862551347,1.20755563280991,6.30485565503736e-07,0.000166926204492976,"NbT2T15g00084","NbT2T15g00084","Glutaredoxin domain-containing protein","Chr15",3961999,3962307,"+"
235.439799403352,1.59478862501879,0.488403940670473,3.98926942071405e-05,0.00646590861791534,"NbT2T15g00408","NbLBD38-3","LOB domain-containing protein 38","Chr15",25953906,25954713,"-"
560.734038737996,4.75250129482796,1.3138623871552,8.21110669323833e-06,0.00176923143579627,"NbT2T15g00842","NbRIPK-2","Protein kinase superfamily protein","Chr15",54906731,54909570,"+"
29.7323919625351,2.04455884139129,0.48119230622294,8.53108600058436e-07,0.000218719766906121,"NbT2T15g01702","NbT2T15g01702","ATP-synt_ab_C domain-containing protein","Chr15",92703358,92703761,"-"
53.2610714865827,2.10822232002586,0.519709216140612,2.04127671325369e-06,0.000495137946709465,"NbT2T15g01703","NbT2T15g01703","ATP-synt_ab_N%2C ATPase%2C F1/V1/A1 complex%2C a...%2C alpha subunit nucleotide-binding domain domain-containing protein","Chr15",92703763,92704878,"-"
213.409042985728,2.11219967051955,0.24833175919986,8.98595982915793e-19,1.01112016877647e-15,"NbT2T15g01705","NbT2T15g01705","ATP synthase%2C F0 complex%2C s...%2C Helix hairpin bin%2C Small ribosomal subunit pro...%2C TM domain-containing protein","Chr15",92707798,92709603,"-"
219.771210709784,2.77973301170056,0.31180004920583,2.33719673917792e-20,3.15583885035397e-17,"NbT2T15g01883","NbT2T15g01883","TM domain-containing protein","Chr15",99216044,99216503,"-"
77.7543550870444,-3.10461284256883,0.663277590580832,1.10937129909305e-07,3.48359787470244e-05,"NbT2T15g02181","NbAT3G50560","NAD(P)-binding Rossmann-fold superfamily protein","Chr15",111247534,111249571,"-"
12053.3010193213,2.5393239330887,0.301073193392324,2.25396059731422e-18,2.40272199673696e-15,"NbT2T15g02498","NbATCG00350","Uncharacterized protein","Chr15",126035956,126038004,"+"
2712.24804241043,1.60627119743879,0.645731915778209,0.000400745203357399,0.0432890311936041,"NbT2T15g02499","NbT2T15g02499","Photosystem I PsaA/PsaB sup...%2C TM domain-containing protein","Chr15",126038844,126040315,"+"
29270.8462005495,2.05077880071939,0.202765762205267,2.51871598898987e-25,5.36990248852641e-22,"NbT2T15g02500","NbT2T15g02500","Ndh2_N%2C Photosystem II protein D1/D...%2C Photosystem antenna protein...%2C Photosystem II CP43 reactio...%2C Proton_antipo_M%2C TM domain-containing protein","Chr15",126042223,126051309,"-"
532.155969951343,1.54594114618268,0.449167837918658,2.33708217790704e-05,0.00420757888278482,"NbT2T15g02790","NbT2T15g02790","C-lobe%2C N-lobe%2C NAF%2C Pkinase%2C Kinase_sf domain-containing protein","Chr15",139460799,139462570,"+"
4.43980726093596,3.69252656686091,0.926373641568579,7.47013059659311e-06,0.00164456549025431,"NbT2T15g02898","NbT2T15g02898","FAF domain-containing protein","Chr15",142384940,142385656,"+"
563.090716664697,1.38301856705908,0.283640976508425,5.02414610434516e-08,1.78277266743313e-05,"NbT2T15g02927","NbT2T15g02927","ATP-synt_VA_C%2C P-loop_NTPase domain-containing protein","Chr15",143043495,143044192,"-"
8.44097048600744,2.04755325133214,0.664049555809316,7.82156625666199e-05,0.0113535182299263,"NbT2T16g00133","NbAT4G29420","F-box/RNI-like superfamily protein","Chr16",4415957,4429437,"+"
905.675631959351,1.24943160584909,0.476829094397116,0.000298445788269755,0.034139412235833,"NbT2T16g00527","NbTPS7","trehalose-phosphatase/synthase 7","Chr16",18795434,18799650,"-"
1770.10701798426,3.42067328505188,1.03743170649889,2.96582877178943e-05,0.00504789041544732,"NbT2T16g00953","NbSRG3-2","senescence-related 3","Chr16",34851732,34854098,"-"
500.606260093895,3.60294230734635,1.08860768140672,2.71963629512287e-05,0.0047281985855295,"NbT2T16g01177","NbPMZ","zinc finger (AN1-like) family protein","Chr16",40994989,40996125,"+"
202.341607784686,1.10529707574876,0.412603077935902,0.000265708270159009,0.0311078341260149,"NbT2T16g01298","NbT2T16g01298","WRKY domain-containing protein","Chr16",44217012,44220661,"-"
15.5205648909423,-8.62299019212126,2.85182540184604,5.56320494240441e-11,2.98807072947304e-08,"NbT2T16g01682","NbT2T16g01682","basic helix-loop-helix (bHLH) domain domain-containing protein","Chr16",59537203,59538738,"+"
99.1535570954915,5.06440483215466,0.962724560852682,5.00023507069081e-09,2.08813940457261e-06,"NbT2T16g01940","NbT2T16g01940","Ribonuclease H superfamily%2C Ribonuclease H-like superfa...%2C SH3_retrovirus domain-containing protein","Chr16",73751689,73759800,"-"
36.1824698615023,2.84322958271974,0.911852530352114,5.7692095001665e-05,0.00868770031348494,"NbT2T16g01984","NbT2T16g01984","AP2%2C DNA-binding domain superfamily domain-containing protein","Chr16",75733387,75734805,"-"
931.393755522713,1.22442687501901,0.353288935547371,2.18976816641638e-05,0.00397771878408944,"NbT2T16g03161","NbT2T16g03161","ATP-synt_VA_C%2C ATP-synt_ab_N%2C nucleotide-binding domain domain-containing protein","Chr16",142073410,142074904,"-"
21.8981388327045,3.22211154111241,1.38882376243425,0.000458921414119179,0.0480660848017525,"NbT2T17g00235","NbCYS2-3","PHYTOCYSTATIN 2","Chr17",7144233,7144661,"+"
394.984558768122,2.6118840010667,0.707217101231508,7.92575951924165e-06,0.00171688057008257,"NbT2T17g00355","NbT2T17g00355","Uncharacterized protein","Chr17",12573663,12591609,"-"
1070.35886374067,2.83466908856826,1.01760756690989,0.000146998191413864,0.0192083959283639,"NbT2T17g00444","NbSARD1-5","Calmodulin binding protein-like protein","Chr17",19603092,19607271,"-"
8117.20459448073,2.90042409236268,0.19095398836636,2.94000842463122e-53,2.38187722529923e-49,"NbT2T17g00556","NbT2T17g00556","Photosystem II reaction cen...%2C Photosystem antenna protein...%2C TM%2C eukaryotic/bacterial%2C Di-haem cytochrome%2C transme... domain-containing protein","Chr17",28090256,28093404,"-"
60.1586920256218,3.23855920988348,0.342754458293369,1.72945227668186e-22,2.91902720099287e-19,"NbT2T17g00821","NbT2T17g00821","Photosystem antenna protein...%2C TM domain-containing protein","Chr17",43621167,43632683,"+"
565.665871613139,1.50305634334274,0.292270636444452,1.25913554201681e-08,4.90433293615548e-06,"NbT2T17g01195","NbARAB-1","SGNH hydrolase-type esterase superfamily protein","Chr17",65191522,65197577,"+"
16.3733705949271,2.35566064307139,0.429935018093521,2.07819370204882e-09,9.45881690815657e-07,"NbT2T17g02220","NbT2T17g02220","RuBisCO_large domain-containing protein","Chr17",123842216,123843447,"+"
306.970667014479,1.46057352852175,0.446222135359761,4.01626919425725e-05,0.00648171444306664,"NbT2T17g02384","NbT2T17g02384","G3DSA:1.20.1050.10%2C N-terminal domain-containing protein","Chr17",132679657,132680530,"+"
197.209720544472,2.75586916290281,0.296534359015807,7.71751117152294e-22,1.25048377014421e-18,"NbT2T17g02547","NbT2T17g02547","Photosystem antenna protein...%2C TM domain-containing protein","Chr17",139084120,139085631,"-"
13644.7366484529,1.25414912061072,0.342496414548003,1.17542038990287e-05,0.00240474389667604,"NbT2T18g00022","NbT2T18g00022","AAA%2C ATP-synt_DE%2C ATP-synt_DE_N%2C ATP-synt_VA_C%2C ATP-synt_ab_N domain-containing protein","Chr18",1062019,1063800,"-"
15339.1092044356,2.54273864550679,0.403486841797483,1.22596329897439e-11,6.99455229786684e-09,"NbT2T18g00023","NbT2T18g00023","Carboxyl_trans%2C Ribulose bisphosphate carbo...%2C RuBisCO_large domain-containing protein","Chr18",1064639,1068327,"+"
516.623643103807,-1.13888798228379,0.280231067054832,2.16268507678881e-06,0.000521464566015244,"NbT2T18g00480","NbPAA2-2","uncharacterized protein","Chr18",23957806,23965479,"-"
415.931397305643,2.24993493472054,0.299340103910616,2.64064286004114e-15,2.22848252030305e-12,"NbT2T18g00495","NbT2T18g00495","Photosystem II PsbZ superfa...%2C TM domain-containing protein","Chr18",24946273,24948452,"+"
9255.42282830142,1.60786314998135,0.206283327525447,3.26256850696035e-16,3.07349128092907e-13,"NbT2T18g01859","NbT2T18g01859","ATP-synt_ab_C%2C ATP-synt_ab_N%2C ATPase%2C F1/V1/A1 complex%2C a...%2C Complex1_49kDa%2C Cyt_c_Oxidase_III%2C Cytochrome c oxidase%2C subun...%2C TM%2C alpha subunit nucleotide-binding domain domain-containing protein","Chr18",109824719,109839385,"-"
76.5782745155586,3.25138323324205,0.598292319254414,2.31177899727793e-09,1.02907190793115e-06,"NbT2T18g02109","NbAT3G19000","2-oxoglutarate (2OG) and Fe(II)-dependent oxygenase superfamily protein","Chr18",128138827,128141005,"+"
299.263901917266,1.32864064603054,0.300195146424569,4.39359996831131e-07,0.000125889158334274,"NbT2T18g02188","NbATMG00080","Uncharacterized protein","Chr18",133204295,133204780,"+"
760.833014096793,2.4656118482966,0.338408566296666,1.58145270471064e-14,1.23195165696959e-11,"NbT2T18g02475","NbT2T18g02475","DNA-directed RNA polymerase...%2C G3DSA:2.40.50.100%2C RNA polymerase Rpb2%2C OB-fold%2C RNA polymerase Rpb2%2C domain...%2C RNA polymerase alpha subuni...%2C RNA_pol_Rpb2_2%2C RNA_pol_Rpb2_3%2C RNA_pol_Rpb2_6%2C RNA_pol_Rpb2_7 domain-containing protein","Chr18",144278650,144281831,"-"
29632.1846599573,2.08381852474365,0.195635670499744,8.90232528610934e-28,2.25384620431073e-24,"NbT2T18g02476","NbT2T18g02476","Photosystem II protein D1/D...%2C Photosystem antenna protein...%2C Photosystem II CP43 reactio...%2C TM domain-containing protein","Chr18",144288820,144291335,"+"
4499.03378082849,3.24639776501241,0.612314551687988,5.05524740865342e-09,2.08957104111972e-06,"NbT2T18g02477","NbT2T18g02477","Photosystem II PsbZ superfa...%2C TM domain-containing protein","Chr18",144291934,144292131,"+"
17441.0228851992,2.34374358045217,0.384816858815489,5.6061364530451e-11,2.98807072947304e-08,"NbT2T18g02478","NbT2T18g02478","G3DSA:1.10.287.1480%2C Photosystem I PsaA/PsaB sup...%2C TM domain-containing protein","Chr18",144292118,144297837,"-"
18938.4128912177,1.0070587121558,0.28009286549765,1.67367776086531e-05,0.00322844470176819,"NbT2T18g02480","NLR-degenerate_NLR","NLR immune receptor%2C ONO","Chr18",144308281,144311103,"-"
51433.4720713133,2.80304891782561,0.532113936443192,5.75910795960388e-09,2.35646409320842e-06,"NbT2T18g02481","NbT2T18g02481","Carboxyl_trans%2C Ribulose bisphosphate carbo...%2C RuBisCO_large%2C TM domain-containing protein","Chr18",144311870,144317614,"+"
3398.64184297754,1.31106256103936,0.210473917037745,2.42367495355213e-11,1.3449071920341e-08,"NbT2T18g02482","NbT2T18g02482","Apocytochr_F_N%2C Rudiment single hybrid motif%2C Cytochrome f transmembrane ...%2C G3DSA:2.40.50.100%2C TM domain-containing protein","Chr18",144317616,144319509,"+"
11.8335083552847,-2.26196505922251,0.711122738564084,6.09128940437153e-05,0.00911806247996911,"NbT2T19g00047","NbT2T19g00047","Alkaline-phosphatase-like%2C ...%2C TM domain-containing protein","Chr19",12114313,12115739,"+"
161.451462754768,2.64224582602882,0.267767172729353,2.48826309781799e-24,4.79974102697196e-21,"NbT2T19g00683","NbATCG00710","Uncharacterized protein","Chr19",45610391,45610674,"-"
3294.1593883834,2.29254635637221,0.165754804641609,8.53696913781876e-45,5.76359243057937e-41,"NbT2T19g00684","NbT2T19g00684","Photosystem antenna protein...%2C TM%2C Ycf2%2C core domain-containing protein","Chr19",45611408,45633951,"-"
1440.64511167664,1.52138979284159,0.443133443554828,2.30366184338874e-05,0.00416592562285675,"NbT2T19g00685","NbATCG00890","Uncharacterized protein","Chr19",45622107,45626113,"+"
2087.66022406762,1.04564440238767,0.311982752704981,3.61166888214572e-05,0.00594721475926661,"NbT2T19g00688","NbT2T19g00688","Large ribosomal subunit pro...%2C Ribosomal_L16_L10e%2C Small ribosomal subunit pro... domain-containing protein","Chr19",45639064,45640406,"+"
1161.40981114789,1.47879198562098,0.305852015275905,5.76772318836151e-08,1.96335236062309e-05,"NbT2T19g00689","NbT2T19g00689","RNA_pol_A_bac%2C Small ribosomal subunit pro... domain-containing protein","Chr19",45641142,45642159,"+"
4.40198018660318,2.87961625826646,0.933965869376973,9.32901247099416e-05,0.0132596363921064,"NbT2T19g00923","NbT2T19g00923","Uncharacterized protein","Chr19",60024493,60025239,"+"
99.9031635022662,3.19276915090074,1.09879227448332,9.80904037814029e-05,0.0137015381944037,"NbT2T19g01300","NbGSTU9-5","glutathione S-transferase tau 9","Chr19",80595226,80595927,"-"
553.716914142267,2.69578852284637,0.561675133943926,6.63701774548575e-08,2.20370749864047e-05,"NbT2T19g01428","NbT2T19g01428","RuBisCO_large_N domain-containing protein","Chr19",87119848,87120315,"-"
12.5028265803812,1.74980360206846,0.546907573314224,5.38674354835027e-05,0.00820324088934483,"NbT2T19g01442","NbT2T19g01442","Photosystem II protein D1/D...%2C TM domain-containing protein","Chr19",87794446,87795889,"-"
136.856330413873,2.27234788402071,0.859455424590053,0.000228416813898679,0.0275378223137133,"NbT2T19g01800","NbKDR-2","basic helix-loop-helix (bHLH) DNA-binding superfamily protein","Chr19",105888832,105889972,"-"
170.422457339867,2.19773160349933,0.437677046033248,2.26256036739037e-08,8.56558835161208e-06,"NbT2T19g02049","NbT2T19g02049","G3DSA:1.10.287.1480%2C Photosystem I PsaA/PsaB sup...%2C Ribulose bisphosphate carbo...%2C RuBisCO_large%2C TM domain-containing protein","Chr19",116395101,116415027,"+"
2.71601760626153,4.43341558506977,1.46196343770956,1.15651168126714e-05,0.00237806980633346,"NbT2T19g02051","NbT2T19g02051","Photosystem II CP43 reactio...%2C Photosystem antenna protein...%2C TM domain-containing protein","Chr19",116416693,116417051,"-"
41.2087573086854,2.70507406296414,0.354042697164119,1.00075764452553e-15,9.00859792543115e-13,"NbT2T19g02058","NbT2T19g02058","G3DSA:1.10.150.390%2C G3DSA:1.10.40.90%2C N-terminal domain%2C Di-haem cytochrome%2C transme...%2C Photosystem II reaction cen...%2C RNA polymerase Rpb1%2C domain...%2C RNA polymerase Rpb1%2C funnel...%2C RNA_pol_Rpb1_1%2C RPOLA_N%2C RNA_pol_Rpb1_4%2C domain 5%2C Small ribosomal subunit pro...%2C TM domain-containing protein","Chr19",116436762,116447315,"-"
443.51236442889,2.11871110629843,0.435646779934509,5.06119425187149e-08,1.78277266743313e-05,"NbT2T19g02110","NbATCG00120","Uncharacterized protein","Chr19",117764747,117766278,"+"
23.0797607055671,3.83212955851442,1.39527541289996,0.000150824384511792,0.0196449973241276,"NbT2T19g02142","NbT2T19g02142","Uncharacterized protein","Chr19",118713641,118714988,"+"
24.7947058736612,-1.35715690433369,0.344647370459148,3.95477310669359e-06,0.000926011265930311,"NbT2T19g02478","NbAT3G10080","RmlC-like cupins superfamily protein","Chr19",135972080,135972314,"-"
55.382191765371,-1.30107112608281,0.267034846055737,5.5737576590623e-08,1.92975876284868e-05,"NbT2T19g02479","NbAT3G10080","RmlC-like cupins superfamily protein","Chr19",135972316,135972765,"-"
233.741559708131,1.78298169234612,0.706253806634021,0.000341041493339051,0.0382684454630977,"NbT2T19g02540","NbT2T19g02540","C-lobe%2C EFh%2C N-lobe%2C Pkinase%2C PKD1 domain-containing protein","Chr19",138979207,138984861,"-"
